login,Password,address1,address2,pass1,arrive,depart,seatPref,seatType,creditCard,expDate,First_Name,Last_Name
user11,q1,First street,Liberty,User11 Q1,Portland,Denver,None,Coach,1212121212121,10/24,user11,user11
user2,q2,Boom street,Akron,User2 Q2,San Francisco,Frankfurt,Window,First,2323232323232,01/25,user2,user2
user3,q3,Beach street,Vicecity,User3 Q3,Seattle,London,Aisle,Business,3434343434343,02/25,user3,user3
user4,q4,Opolo street,Boston,User4 Q4,Sydney,Los Angeles,None,Coach,4545454545454,03/24,user4,user4
user5,q5,Fire street,Duffalo,User5 Q5,Zurich,Paris,Window,First,5656565656565,04/26,user5,user5
user6,q6,Friends street,Cary,User6 Q6,Denver,Portland,Aisle,Coach,6767676767676,05/24,user6,user6
user7,q7,Obama street,Concord,User7 Q7,Frankfurt,San Francisco,Aisle,Business,7878787878787,06/25,user7,user7
user8,q8,Wall street,Erie,User8 Q8,London,Seattle,None,Business,8989898989898,07/26,user8,user8
user9,q9,Liberty street,Frisco,User9 Q9,Los Angeles,Sydney,Window,First,4646464646464,08/24,user9,user9
user10,q10,Lafayette street,Cresham,User10 Q10,Paris,Zurich,Aisle,Coach,9090909090909,09/26,user10,user10
